{
	"IcoMoonType": "selection",
	"icons": [
		{
			"icon": {
				"paths": [
					"M1023.902 511.951c0 282.743-229.208 511.951-511.951 511.951s-511.951-229.208-511.951-511.951c0-282.743 229.208-511.951 511.951-511.951s511.951 229.208 511.951 511.951z",
					"M286.237 320.276l134.683 195.991-135.369 195.697 539.123-195.206z",
					"M198.247 833.894c-4.708-4.512-9.319-9.417-13.831-14.322-167.936-183.926-155.086-470.065 28.741-638.001 183.828-167.838 469.771-155.086 637.903 28.741 54.344 59.641 91.914 132.721 108.394 211.098 2.55 12.458-5.395 24.523-17.755 27.172-12.262 2.649-24.523-5.297-27.074-17.755-14.812-70.431-48.556-135.958-97.505-189.517-150.574-164.797-407.972-176.667-573.063-25.799-165.19 150.868-176.667 407.874-25.799 573.063 151.162 165.288 407.972 176.667 573.063 25.799 64.938-59.347 108.001-136.35 124.775-222.673 2.158-12.36 14.322-20.502 26.583-18.049 12.556 2.354 20.6 14.42 18.344 26.878-18.442 96.034-66.508 181.67-138.704 247.785-178.825 163.424-454.664 155.577-624.072-14.42z"
				],
				"attrs": [
					{
						"fill": "rgb(255, 255, 255)"
					},
					{
						"fill": "rgb(87, 87, 86)"
					},
					{
						"fill": "rgb(87, 87, 86)"
					}
				],
				"isMulticolor": true,
				"grid": 0,
				"tags": [
					"list-icon"
				],
				"colorPermutations": {
					"25525525518787861": [
						1,
						0,
						0
					]
				}
			},
			"attrs": [
				{
					"fill": "rgb(255, 255, 255)"
				},
				{
					"fill": "rgb(87, 87, 86)"
				},
				{
					"fill": "rgb(87, 87, 86)"
				}
			],
			"properties": {
				"order": 1,
				"id": 0,
				"prevSize": 32,
				"code": 59648,
				"codes": [
					59648,
					59649,
					59650
				],
				"name": "list-icon"
			},
			"setIdx": 0,
			"setId": 1,
			"iconIdx": 0
		}
	],
	"height": 1024,
	"metadata": {
		"name": "icomoon"
	},
	"preferences": {
		"showGlyphs": true,
		"showQuickUse": true,
		"showQuickUse2": true,
		"showSVGs": true,
		"fontPref": {
			"prefix": "icon-",
			"metadata": {
				"fontFamily": "icomoon"
			},
			"metrics": {
				"emSize": 1024,
				"baseline": 6.25,
				"whitespace": 50
			},
			"embed": false
		},
		"imagePref": {
			"prefix": "icon-",
			"png": true,
			"useClassSelector": true,
			"color": 0,
			"bgColor": 16777215,
			"classSelector": ".icon"
		},
		"historySize": 100,
		"showCodes": true,
		"gridSize": 16
	}
}